name,nameraw
Groove Armada,Groove Armada (DJ set)
Igor Marijuan,Igor Marijuan
DJ Policy,DJ Policy
Jay Lima,Jay Lima
Ayrton Da Silva,Ayrton Da Silva
Drix,Drix
Chelina Manuhutu,Chelina Manuhutu (special guest)
Francisco Allendes,Francisco Allendes
Manuelito Hell Raton,Manuelito Hell Raton
Paola Poletta,Paola Poletta
Elkins,Elkins
Erol Alkan,Erol Alkan
Lex Wolf,Lex Wolf
Tania Vulcano,Tania Vulcano
Just Jam,Just Jam
2vilas,2vilas
Hugo Martinez,Hugo Martinez
Polk,Polk
Matthias Tanzmann,Matthias Tanzmann
Reboot,Reboot
Manu Gonzalez,Manu Gonzalez
Nick Warren,Nick Warren
Bohem,Bohem
blank,blank
Sena,Sena
Dancers in Crime,Dancers in Crime
ARES,ARES
Leon de Gaia,Leon de Gaia
Francis Mercier,Francis Mercier
Hada,Hada
Geson & Jazen,Geson & Jazen
Lotus Imane,Lotus Imane
Bubba,Bubba
Andrea Fiorito,Andrea Fiorito
Dan Andrei,Dan Andrei
Demi Riquisimo,Demi Riquisimo
Leo Mas,Leo Mas
Oriol Calvo,Oriol Calvo
Doctor Dru,Doctor Dru
Marian Ariss,Marian Ariss
Line-up TBA,Line-up TBA
Shonky,Shonky
Margaret Dygas,Margaret Dygas
Dorian Paic,Dorian Paic
Matthew Dekay,Matthew Dekay
YoKoO,YoKoO
Goyanu,Goyanu (live)
Panyer,Panyer
Cris44,Cris44
Tom Grimes,Tom Grimes
David Quartz,David Quartz
Ibiza Rocks resident DJs,Ibiza Rocks resident DJs
HUGEL,HUGEL
Arkadyan,Arkadyan
AMÉMÉ,AMÉMÉ
NenaHalena,NenaHalena
Jane Ryse,Jane Ryse
Alvaro Medina,Alvaro Medina
Jordi Castell,Jordi Castell
JNJS,JNJS (Jay Nortown & Jacobo Saavedra)
Gerd Janson,Gerd Janson
tINI,tINI
Tuccillo,Tuccillo
Chris Schwarzwälder,Chris Schwarzwälder
Robbie Akbal,Robbie Akbal
Valentín Huedo,Valentín Huedo
Guirao,Guirao
Mike Van Loon,Mike Van Loon
Not A Regular Couple,Not A Regular Couple
Polski,Polski
Seminario,Seminario
Yor D,Yor D
Broown,Broown
Foxy Bitch,Foxy Bitch
Neliah Kandisha,Neliah Kandisha
We The People,We The People
Gaya Brisa,Gaya Brisa
Artsenio,Artsenio
Karuna,Karuna
Archie Hamilton,Archie Hamilton
DJ Pierre,DJ Pierre
Marlie,Marlie
#NAME?,#NAME?
Juan Atkins,Juan Atkins
Syreeta,Syreeta
N1NJA,N1NJA
Ledfut,Ledfut (VR DJ)
Rodriguez Jr.,Rodriguez Jr. (live)
Will Clarke,Will Clarke
Mighty Dub Katz,Mighty Dub Katz
Meg Ward,Meg Ward
Sam Girling,Sam Girling
Fatboy Slim,Fatboy Slim
La La,La La
Hayley Zalassi,Hayley Zalassi
lau.ra,lau.ra
Amelie Lens,Amelie Lens
East End Dubs,East End Dubs
Héctor Oaks,Héctor Oaks
Hot Since 82,Hot Since 82
Indira Paganotto,Indira Paganotto
Luca Donzelli,Luca Donzelli
Marco Faraone,Marco Faraone
Sara de Araújo,Sara de Araújo
Sweely,Sweely (live)
Marco Carola,Marco Carola
Ale De Tuglie,Ale De Tuglie
Calvin Clarke,Calvin Clarke
Mochakk,Mochakk
Sasha B2B Franky Wah,Sasha B2B Franky Wah
Miss Monique,Miss Monique
Róisín Murphy,Róisín Murphy (live PA)
Kilimanjaro B2B Sarz,Kilimanjaro B2B Sarz
Pete Tong B2B Alex Wann,Pete Tong B2B Alex Wann
Artche B2B Kalismã,Artche B2B Kalismã
Jaguar B2B DJ Paulette,Jaguar B2B DJ Paulette
Armand Van Helden,Armand Van Helden
Chris Liebing B2B Nicole Moudaber,Chris Liebing B2B Nicole Moudaber
David Squillace B2B Matthias Tanzmann,David Squillace B2B Matthias Tanzmann
Jason Bye,Jason Bye
Kesia,Kesia
Richy Ahmed,Richy Ahmed
Simon Dunmore,Simon Dunmore
Daniel Orpi,Daniel Orpi
Detlef,Detlef
Federico Grazzini,Federico Grazzini
Jesse Calosso,Jesse Calosso
Niteplan,Niteplan
Grant Collins,Grant Collins
Sam Dungate,Sam Dungate
Artche,Artche
Pete Tong,Pete Tong
DJ Academy Future Talent Winner,DJ Academy Future Talent Winner
Oceanvs Orientalis,Oceanvs Orientalis (live)
unders,unders
Anstascia,Anstascia
Carlita,Carlita
DJ Tennis B2B Chris Stussy,DJ Tennis B2B Chris Stussy
Guy Gerber,Guy Gerber
HoneyLuv,HoneyLuv
Honey Dijon,Honey Dijon
Jamie Jones,Jamie Jones
Loco Dice B2B Steve Martinez,Loco Dice B2B Steve Martinez
TSHA,TSHA
Adam Beyer,Adam Beyer
Eli Brown,Eli Brown
Hannah Laing,Hannah Laing
Paco Osuna,Paco Osuna
Patrick Mason,Patrick Mason
Myd,Myd
Eliza Rose,Eliza Rose
Melon Bomb,Melon Bomb
DJ Mag Allstars,DJ Mag Allstars
Roger Sanchez,Roger Sanchez
Hannah Wants,Hannah Wants
Makèz,Makèz
Anyma,Anyma (Matteo from Tale Of Us)
Eynka,Eynka
Franky Wah,Franky Wah
Kevin de Vries B2B Chris Avantgarde,Kevin de Vries B2B Chris Avantgarde
Layla Benitez,Layla Benitez
Maceo Plex,Maceo Plex
Stephan Bodzin,Stephan Bodzin (live)
Norman Weber,Norman Weber (Luna City Express)
Ernesto Altes,Ernesto Altes
Enzo Piro B2B Moja,Enzo Piro B2B Moja
ANOTR,ANOTR
Desiree,Desiree
Paul Reynolds,Paul Reynolds
Parris Taylor,Parris Taylor
Lloyd Nwagboso,Lloyd Nwagboso
Perry Martin,Perry Martin
Pablo Fierro,Pablo Fierro
Mëstiza,Mëstiza
Carl Kennedy,Carl Kennedy
Clint Lee,Clint Lee
Share,Share
Gab Rhome,Gab Rhome 
Marwan Dua,Marwan Dua
PAWSA,PAWSA
Da Vid,Da Vid
Andrea Oliva,Andrea Oliva
Kintar,Kintar
Arodes,Arodes
&Me B2B Rampa,&Me B2B Rampa
Âme,Âme
Arapu B2B Priku,Arapu B2B Priku
Bedouin,Bedouin
Beltran,Beltran
BLONDISH,BLONDISH
Chloè,Chloè
Chloé Caillet,Chloé Caillet
Dyed Soundorom B2B Gene On Earth,Dyed Soundorom B2B Gene On Earth
Konstantin,Konstantin
Luciano,Luciano
Mano Le Tough,Mano Le Tough
map.ache,map.ache
Maz,Maz
Prospa,Prospa
Seth Troxler,Seth Troxler
Skream,Skream
Sossa,Sossa
Victoria,Victoria
Alev Tav,Alev Tav
Dimmish,Dimmish
Late Replies,Late Replies
Stefano Noferini,Stefano Noferini
Acrosstheboard,Acrosstheboard
Benny,Benny
Charlie Preston,Charlie Preston
Danse Atmos,Danse Atmos
Groove.FM,Groove.FM
Red Buddha,Red Buddha
Robbie.,Robbie.
Strictly Different,Strictly Different
Swatt Team,Swatt Team
Dubfire,Dubfire
Iban Mendoza,Iban Mendoza (live)
Jan Blomqvist,Jan Blomqvist (live)
Purple Disco Machine,Purple Disco Machine
Deer Jade,Deer Jade
Parallelle,Parallelle
Céleste,Céleste
Dominique,Dominique
Eva,Eva
Jude Bradshaw,Jude Bradshaw
Kintra,Kintra
Lauz,Lauz
Martin De Quadra,Martin De Quadra
Off Record,Off Record
Seven8,Seven8
Birds Of Mind,Birds Of Mind
Camilo Franco,Camilo Franco
Nadja,Nadja
Kölsch,Kölsch
Ida Engberg,Ida Engberg
Angel Linde,Angel Linde
Ben Rau,Ben Rau 
Clara Da Costa,Clara Da Costa 
Darius Syrossian,Darius Syrossian 
Roger Sanchez,Roger Sanchez 
Todd Terry,Todd Terry 
David Moreno,David Moreno
Jose De Divina,Jose De Divina
Oscar Colorado,Oscar Colorado
Toni Moreno,Toni Moreno
Xavi Emparan,Xavi Emparan
Switch Disco,Switch Disco
Dre23,Dre23
Patrick Nazemi,Patrick Nazemi
Ryan Aaron,Ryan Aaron
Patrice Bäumel,Patrice Bäumel
Alex Kennon,Alex Kennon
Gonçalo,Gonçalo
Tommy & Rocco,Tommy & Rocco
Gorje Hewek,Gorje Hewek
Kadosh,Kadosh
Landikhan,Landikhan 
Luca Saporito,Luca Saporito (Audiofly)
Mau P,Mau P
Tini Gessler,Tini Gessler
AJ Christou,AJ Christou
Fleur Shore,Fleur Shore
Gordo,Gordo
Mason Collective,Mason Collective
Loco Dice,Loco Dice (all night long)
Andrea Oliva B2B Nic Fanciulli,Andrea Oliva B2B Nic Fanciulli
Chelina Manuhutu,Chelina Manuhutu
Paul Kalkbrenner,Paul Kalkbrenner (live)
Raul Rodriguez,Raul Rodriguez
Wade,Wade
Dana Ruh,Dana Ruh
Jazzy,Jazzy (live PA)
ESSEL,ESSEL
Jen Payne,Jen Payne
Kayleigh Glynn,Kayleigh Glynn
Ibiza Rocks Resident DJs,Ibiza Rocks Resident DJs
Brandon Block,Brandon Block
Soul Avengerz,Soul Avengerz
George Goodson,George Goodson
Ainsley May,Ainsley May
Noodle,Noodle
A.M. Project,A.M. Project
Move D,Move D
Willow,Willow
Nick Curly,Nick Curly
Ralph Lawson,Ralph Lawson
Fell Reis,Fell Reis
Melvo Baptiste,Melvo Baptiste
Mousse T.,Mousse T.
Natasha Diggs,Natasha Diggs
Derrick Carter,Derrick Carter
Horse Meat Disco,Horse Meat Disco
Yasmin,Yasmin
Fat Tony,Fat Tony
Franky Rizardo,Franky Rizardo
Ilario Alicante,Ilario Alicante
Manda Moor,Manda Moor
Keisgner,Keisgner
Big Miz,Big Miz
Testpress,Testpress
Meg McHugh,Meg McHugh
Bruce Glenny,Bruce Glenny
Mily B,Mily B
Reyka,Reyka
Sweeney,Sweeney
Cassö,Cassö
DAIRE,DAIRE
Multunes,Multunes
Caz,Caz
Billie Clements,Billie Clements
Chris Wright,Chris Wright
Dan Jones,Dan Jones
Dermot C,Dermot C
Sidwell,Sidwell
Sean Halliwell,Sean Halliwell
Jonny Crane,Jonny Crane (live saxophonist)
Beats by Tom,Beats by Tom (live percussion)
Chabeli,Chabeli (Amazonas lab)
Sadeedo,Sadeedo
The Brothers Grim,The Brothers Grim
Xx Isis xX,Xx Isis xX 
Laurent Garnier,Laurent Garnier
Mirko Loko,Mirko Loko
Ajna,Ajna
Re.You,Re.You
Samm,Samm
Yulia Niko,Yulia Niko
Alex Mills,Alex Mills
Route 94,Route 94
O Beach resident DJs,O Beach resident DJs
Dennis Ferrer B2B Eats Everything,Dennis Ferrer B2B Eats Everything
Louie Vega,Louie Vega
Carl Craig B2B The Blessed Madonna,Carl Craig B2B The Blessed Madonna
Sam Divine B2B Low Steppa,Sam Divine B2B Low Steppa
Riva Starr,Riva Starr
Prunk B2B Rio Tashan B2B Olive F,Prunk B2B Rio Tashan B2B Olive F
FKA Mash,FKA Mash
Maur,Maur
Product Of Us,Product Of Us
Sam Supplier,Sam Supplier
Roman,Roman
Stone Van Brooken,Stone Van Brooken
Tom Zanetti,Tom Zanetti
Danny Beck,Danny Beck
Wideboys,Wideboys
JNJS,JNJS
Julian Anthony B2B Just Jam,Julian Anthony B2B Just Jam
Lauren Lo Sung,Lauren Lo Sung
Voigtmann B2B ADMNTi,Voigtmann B2B ADMNTi
Robin Schulz,Robin Schulz
Jax Jones,Jax Jones
MistaJam,MistaJam
Seb Fontaine,Seb Fontaine
Graham Sahara,Graham Sahara
Vicky Devine,Vicky Devine
Joe Lobel,Joe Lobel
EMZ,EMZ
DJ Policy,DJ Policy 
Danny Beck,Danny Beck
Charlsey,Charlsey
DJ Cameo,DJ Cameo
Jack Bullock,Jack Bullock (live percussion)
Ben Böhmer,Ben Böhmer
Mees Salomé,Mees Salomé
Alex Wann,Alex Wann
Mona Yim,Mona Yim
Max Dean B2B Luke Dean,Max Dean B2B Luke Dean 
Murphy's Law,Murphy's Law 
Paola Poletto,Paola Poletto
Sidney Charles,Sidney Charles 
wAFF,wAFF
DJ Pippi,DJ Pippi
Jo Mills,Jo Mills
Reff,Reff
Lucy Jane,Lucy Jane
Anthony Middleton,Anthony Middleton
Bartolomeo,Bartolomeo
Francesca Lombardo,Francesca Lombardo
Loco Dice,Loco Dice
Wheats,Wheats
Joris Voorn,Joris Voorn
Miane,Miane
Cristina Lazic,Cristina Lazic
Dennis Cruz,Dennis Cruz
Green Velvet,Green Velvet 
Joseph Capriati,Joseph Capriati 
Mar-T B2B Caal,Mar-T B2B Caal 
999999999,999999999
Andres Campo,Andres Campo
Kobosil,Kobosil
Luca Donzelli,Luca Donzelli 
Nina Kraviz,Nina Kraviz
Dixon,Dixon
Jimi Jules,Jimi Jules
Cloonee,Cloonee
John Summit,John Summit
Lauro Viotti,Lauro Viotti
Sosa,Sosa
Viot,Viot
Belters Only,Belters Only
George Mensah,George Mensah
Sammy Porter,Sammy Porter
Charlotte van de Peer,Charlotte van de Peer
Tilli Murphy,Tilli Murphy
Goody,Goody
Dave Treacy,Dave Treacy
Sandy Rivera,Sandy Rivera
Jamie Love,Jamie Love
Henrik Schwarz,Henrik Schwarz (Live)
Noraj Cue,Noraj Cue
Dirty Channels,Dirty Channels
Jellybean Benitez,Jellybean Benitez
Kerri Chandler,Kerri Chandler
The Shapeshifters,The Shapeshifters
Dan Shake,Dan Shake
Sophie Lloyd,Sophie Lloyd
Kirollus,Kirollus
Adriatique,Adriatique (all night long)
Doruksen,Doruksen
Kitti Kay,Kitti Kay
Pisapia,Pisapia
A-05,A-05
Denis Dekay,Denis Dekay
KMD,KMD
Paul Findlay,Paul Findlay
SGIG,SGIG
Evan McGee,Evan McGee
Colle,Colle
Martim Rola,Martim Rola
"Scenarios (Emanuel Satie, Maga & Sean","Scenarios (Emanuel Satie, Maga & Sean"
Doron),Doron)
Jess Bays,Jess Bays
Eden Prince,Eden Prince
Campbell,Campbell
DJ EZ,DJ EZ
Low Steppa,Low Steppa
Danny Howard,Danny Howard
David Penn,David Penn
Arielle Free,Arielle Free
Monki,Monki
Dom Townsend,Dom Townsend
Majestic,Majestic
Damon Hess,Damon Hess
DAYL,DAYL
Morgan Kaseira,Morgan Kaseira
WhoMadeWho,WhoMadeWho (hybrid live)
Jessica Brankka,Jessica Brankka
Dimitri Vegas & Like Mike,Dimitri Vegas & Like Mike
Lost Frequencies,Lost Frequencies
#NAME?,#NAME?
Black Loops B2B Harrison BDP,Black Loops B2B Harrison BDP 
Jeremy Weeks,Jeremy Weeks 
KOKO,KOKO 
Lindsey Matthews B2B Chris Gialanze,Lindsey Matthews B2B Chris Gialanze
venbee,venbee
Special guest TBA,Special guest TBA
Zoe London,Zoe London
Jodie Harsh,Jodie Harsh
Melanie C,Melanie C
Mr Doris,Mr Doris
Jonathan Ulysses,Jonathan Ulysses
Doorly,Doorly
DJ Laj,DJ Laj
DJ Spoony,DJ Spoony
Rendher,Rendher
Keeks B2B Josh Holland,Keeks B2B Josh Holland 
Latmun,Latmun 
Lee Foss B2B Marshall Jefferson,Lee Foss B2B Marshall Jefferson 
Seb Zito b2b Hector Couto,Seb Zito b2b Hector Couto
Tomi & Kesh,Tomi & Kesh 
DXNBY,DXNBY 
Goosey,Goosey
Jansons,Jansons (live) 
Mason Maynard,Mason Maynard 
Riley,Riley 
Toby Simpson,Toby Simpson
Ratpack,Ratpack
Rob Tissera,Rob Tissera
Slipmatt,Slipmatt
Dolly Rockers,Dolly Rockers
Matty Robbo,Matty Robbo
Sammy Dean,Sammy Dean
Si Carvell,Si Carvell
Miss Bisto,Miss Bisto
MC Chalkie White,MC Chalkie White
Marcella Woods,Marcella Woods (live PA)
Darren Jay,Darren Jay
Dirty Herbert,Dirty Herbert
Mark XTC,Mark XTC
Q-Kraft,Q-Kraft
Filtah,Filtah
Wizrd,Wizrd
Altitude,Altitude
DJ Uniques,DJ Uniques
Lewis Bones,Lewis Bones
Mr Hall,Mr Hall
Leggo Dan,Leggo Dan
Black Coffee,Black Coffee
Shoba,Shoba
Damian Lazarus,Damian Lazarus
Mathew Jonson,Mathew Jonson (live)
Meera,Meera
Bora Uzer,Bora Uzer (live)
Kiddy Smile,Kiddy Smile
Sophie Ellis-Bextor,Sophie Ellis-Bextor
Nic Fanciulli,Nic Fanciulli
Eddy M B2B Jackmaster,Eddy M B2B Jackmaster
Mahony,Mahony
Dave Lee,Dave Lee
DJ Spen,DJ Spen
Jamie 3-26,Jamie 3-26
Barbara Tucker,Barbara Tucker (live PA)
Bobby & Steve,Bobby & Steve
Crakazat,Crakazat
Femi Fem,Femi Fem
Aitch B,Aitch B
Lloyd Life,Lloyd Life
Selly J,Selly J
DJ Bigger,DJ Bigger
Joshwa,Joshwa
Skyhigh,Skyhigh
Chlo,Chlo
Molly D,Molly D
Booka Shade,Booka Shade
Henry Saiz,Henry Saiz
Los Suruba,Los Suruba
Magnetizm,Magnetizm
Bestley,Bestley
Dimitri From Paris,Dimitri From Paris
Kenny Dope,Kenny Dope
Catz 'N Dogz,Catz 'N Dogz
Sam Karlson,Sam Karlson
Eileen,Eileen
KEINEMUSIK,"KEINEMUSIK (&Me, Adam Port & Rampa)"
K-Klass,K-Klass (DJ set)
Utah Saints,Utah Saints
Freestylers,Freestylers
Graham Gold,Graham Gold
Edele Andaya,Edele Andaya
Chris Bayne,Chris Bayne
Raphi,Raphi
Todd Terry,Todd Terry
Tristan Ingram,Tristan Ingram
Grant Richards,Grant Richards
Mitchell T,Mitchell T
Hollis,Hollis
Juliet Thurbz,Juliet Thurbz
Cristina Tosio,Cristina Tosio
Niom,Niom
Shimza,Shimza
Sona,Sona
Leftwing & Kody,Leftwing & Kody
Siân Owen,Siân Owen
CAMELPHAT,CAMELPHAT
ARTBAT,ARTBAT
Gorgon City,Gorgon City
Ferreck Dawn,Ferreck Dawn
Jansons,Jansons
Todd Edwards,Todd Edwards
D.O.D.,D.O.D.
Beyond Chicago,Beyond Chicago
Joe Wilson,Joe Wilson
Fletcher Kerr,Fletcher Kerr
Mariano,Mariano
Ross Brown,Ross Brown
Craig David,Craig David
Wes Nelson,Wes Nelson
Matchstick,Matchstick
DJ Tennis,DJ Tennis
Ageless,Ageless
Binyamhn B2B Mitch,Binyamhn B2B Mitch 
Burnski B2B Kepler,Burnski B2B Kepler
Reiss B2B Casey Spillman,Reiss B2B Casey Spillman
Ben Nicky,Ben Nicky
David Rust,David Rust
Symmetrik,Symmetrik
Martin Solveig,Martin Solveig
Riton,Riton
Keshia G,Keshia G
Sven Väth,Sven Väth
Maurizio Schmitz,Maurizio Schmitz
Andy Baxter,Andy Baxter
Anna Tur B2B Tini Gessler,Anna Tur B2B Tini Gessler
Cuartero,Cuartero
Jesse Calosso B2B Jean Pierre,Jesse Calosso B2B Jean Pierre
Paul Woolford,Paul Woolford 
DJ Hyperdrive,DJ Hyperdrive
future.666,future.666
Slin,Slin
ÜBERKIKZ,ÜBERKIKZ
Hernán Cattáneo,Hernán Cattáneo
Line Up/ TBA,Line Up/ TBA
Bekzin Terris,Bekzin Terris
Nick Morgan,Nick Morgan
Floyd Lavine,Floyd Lavine
Alisha,Alisha
De La Swing,De La Swing
Denis Sulta,Denis Sulta
Marc Maya,Marc Maya
Mau P,Mau P (all night long)
Julia Sandstorm,Julia Sandstorm
Maribou State,Maribou State
Andrea Oliva B2B Arodes,Andrea Oliva B2B Arodes
Salomé Le Chat,Salomé Le Chat
Jaden Thompson,Jaden Thompson
Sirius Hood,Sirius Hood
Tion Wayne,Tion Wayne (live PA)
Hernandez,Hernandez
Teddy O,Teddy O
Hyzteria,Hyzteria
A/Z,A/Z
Northside Rhythm,Northside Rhythm
Tadgh,Tadgh
Mansion DJs,Mansion DJs
Mark Knight,Mark Knight
Anton Powers,Anton Powers
Bellaire,Bellaire
Breakbot & Farfane,Breakbot & Farfane
Alan Dixon,Alan Dixon
Girls Of The Internet,Girls Of The Internet (DJ set)
Cody Currie,Cody Currie
Ruby Savage,Ruby Savage
Enzo Is Burning,Enzo Is Burning
Larry London,Larry London
Will Taylor,Will Taylor
Jodie V,Jodie V
Leon Eales,Leon Eales
Guy D Angelo,Guy D Angelo
Kenzie,Kenzie
Alex Serra,Alex Serra (with Totidub) (live)
Cris 44,Cris 44
Jam Blomqvist,Jam Blomqvist (live)
Yamil,Yamil
Jo.ke & Ulises,Jo.ke & Ulises
Dangel Twins,Dangel Twins
Echonomist,Echonomist
Moeaike,Moeaike
Diplo,Diplo
Kaz James,Kaz James
Cole Knight,Cole Knight
TCTS,TCTS
Sam Green,Sam Green
Sam Divine,Sam Divine
Darius Syrossian,Darius Syrossian
Shermanology,Shermanology
Prunk,Prunk
Dunmore Brothers,Dunmore Brothers
Cho$en,Cho$en
Jeremiah Asiamah,Jeremiah Asiamah
Miluhska,Miluhska
Afrojack,Afrojack
Bad Wolf,Bad Wolf
Alci,Alci
Felipe Bravo,Felipe Bravo
Locky B2B MADVILLA,Locky B2B MADVILLA
S.A.M.,S.A.M.
Badger,Badger
Flava D,Flava D
Woody Cook,Woody Cook
Cunning MC,Cunning MC
Emily Nash,Emily Nash
LOVRA,LOVRA
Topic,Topic
Binary Finary,Binary Finary
Sola. Sounds,Sola. Sounds
Meduza,Meduza 
James Hype,James Hype
Lanna,Lanna
Davide Squillace,Davide Squillace
Calvin Harris,Calvin Harris
MK (Marc Kinchen),MK (Marc Kinchen)
Bontan,Bontan 
Gaidukova,Gaidukova
Maga,Maga
Mёstiza,Mёstiza
Sasha,Sasha 
Black Asteroid,Black Asteroid
Choronzon,Choronzon
Soft Clash,Soft Clash (Pablo Bozzi x Phase Fatale)
Ellie Sax,Ellie Sax
DJ Fresh,DJ Fresh (BW)
Patrick Mason (House set),Patrick Mason (House set)
Tony Y Not,Tony Y Not
Bastian Bux,Bastian Bux
A-Trak,A-Trak (all night long)
Nicole Moudaber,Nicole Moudaber
Classmatic,Classmatic
Eli & Fur,Eli & Fur
Jam-R,Jam-R
AND-J,AND-J
Pukka Up DJs,Pukka Up DJs
Inner City,Inner City (DJ set)
Luke Solomon,Luke Solomon
Coco & Breezy,Coco & Breezy
Minna,Minna
Blondi,Blondi
Latmun,Latmun
L.P. Rhythm,L.P. Rhythm
Alex Ellenger,Alex Ellenger
Sacha PVJ,Sacha PVJ
Lee Morrison,Lee Morrison
Adam Wilson,Adam Wilson
Darren B2B Ronny,Darren B2B Ronny
Fahlberg,Fahlberg
Liva K,Liva K
Ben Hemsley,Ben Hemsley
Hannah Laing,Hannah Laing (special guest)
Ammara,Ammara
Ty Gill,Ty Gill
David Guetta,David Guetta
Luude,Luude
Radio 1 Dance DJs,Radio 1 Dance DJs
Loéca,Loéca
Saint,Saint
Baby Marcelo,Baby Marcelo
La Troya Family,La Troya Family
Fideles,Fideles
Mila Journée,Mila Journée
Eats Everything,Eats Everything
Sam Divine B2B Melé B2B Monki,Sam Divine B2B Melé B2B Monki
Mambo Brothers,Mambo Brothers
Rio Tashan B2B Olive F,Rio Tashan B2B Olive F
blk.,blk.
Black Traffic,Black Traffic
Reboot DJs,Reboot DJs 
Matt Jam Lamont,Matt Jam Lamont
FISHER,FISHER
Vintage Culture,Vintage Culture
Joseph Capriati,Joseph Capriati
Kemikal Ali,Kemikal Ali
Benny Rodrigues,Benny Rodrigues
Cher Semain,Cher Semain
Michel De Hey,Michel De Hey
Sam Blans,Sam Blans
Piri + Tommy,Piri + Tommy
LUCY TUN,LUCY TUN
Nora En Pure,Nora En Pure
Wave Wave,Wave Wave
Nancie,Nancie
Riley & Durrant,Riley & Durrant
Fiona Hall,Fiona Hall
Nightmares On Wax,Nightmares On Wax (DJ set)
Chabeli,Chabeli
Ellen Allien,Ellen Allien
Eclair Fifi,Eclair Fifi
XxIsisxX,XxIsisxX
Danny Tenaglia,Danny Tenaglia
Abel,Abel
Meduza,Meduza
Genesi,Genesi
Guy J,Guy J
Oden & Fatzo,Oden & Fatzo (live)
Sasha & John Digweed,Sasha & John Digweed 
Undermoon,Undermoon 
Hayley Wallace,Hayley Wallace
Jay Thomas,Jay Thomas
Chus,Chus
Sis,Sis
DJ Kaliba,DJ Kaliba
Made By Pete,Made By Pete
Cameron Jack,Cameron Jack
Nicolas Caprile,Nicolas Caprile
Tita Lau,Tita Lau
Andrea Oliva,Andrea Oliva (all night long)
Boy George,Boy George
Jaguar,Jaguar
Melanie Ribbe,Melanie Ribbe
Toman,Toman
Russ Millions,Russ Millions (live PA)
G-Diamond,G-Diamond
Act On,Act On
Ryan Arnold,Ryan Arnold
Holl3,Holl3
Elo,Elo
Paraiso Takeover,Paraiso Takeover
Colleen 'Cosmo' Murphy,Colleen 'Cosmo' Murphy
Carl Craig,Carl Craig
DJ Holographic,DJ Holographic
Suze IJÓ,Suze IJÓ
Lovebirds,Lovebirds
Seamus Haji,Seamus Haji
Mar-T,Mar-T
Ricardo Villalobos B2B Nina Kraviz,Ricardo Villalobos B2B Nina Kraviz
Deborah De Luca,Deborah De Luca
Katnada,Katnada
Lilly Palmer B2B Alan Fitzpatrick,Lilly Palmer B2B Alan Fitzpatrick
Onyvaa,Onyvaa
Evie,Evie
GW Harrison,GW Harrison
Luke Dean,Luke Dean
Will Wiley,Will Wiley
Continental GT,Continental GT
Sam Lashmar,Sam Lashmar
Leon Skinner,Leon Skinner
Bongo Ben,Bongo Ben (live percussion)
Mahmut Orhan,Mahmut Orhan
Sezer Uysal,Sezer Uysal
LF System,LF System
Biscits,Biscits
Nick Sheldon,Nick Sheldon
Bizarrap,Bizarrap
José de las Heras,José de las Heras
Hektor Mass,Hektor Mass
Cande Gariso,Cande Gariso
Folamour,Folamour
Crusy,Crusy
Kid Fonque B2B China Charmeleon,Kid Fonque B2B China Charmeleon
Charlie Sparks,Charlie Sparks
Faster Horses,Faster Horses
Kimmic,Kimmic
Reboot DJs,Reboot DJs
DJ Koze,DJ Koze
Notre Dame,Notre Dame
Malandra,Malandra
Alexis Cabrera,Alexis Cabrera (live)
Ignacio Morales,Ignacio Morales
Velasco,Velasco
Youandewen,Youandewen
Charlotte Plank,Charlotte Plank
Icona Pop,Icona Pop
Paul Oakenfold,Paul Oakenfold
D-Block Europe,D-Block Europe
Malaa,Malaa
Tia Lau,Tia Lau
Basswell,Basswell
Brenda Serna,Brenda Serna
Cassie Raptor,Cassie Raptor 
Partiboi69,Partiboi69 
Charlie Hedges,Charlie Hedges
Henrik Schwarz,Henrik Schwarz (live)
Angelos,Angelos
Airrica,Airrica
Jays de Lys,Jays de Lys
Melé,Melé
Paige Tomlinson,Paige Tomlinson
Solardo,Solardo
Toni Varga,Toni Varga
Eats Everything,Eats Everything (all night long)
2manydjs,2manydjs
Sofia Kourtesis,Sofia Kourtesis
Elliot Schooling & Liam Palmer,Elliot Schooling & Liam Palmer
Daze,Daze
Cruz,Cruz
Ethan Flint,Ethan Flint
Olivia Hills,Olivia Hills
Lennon,Lennon
Parma,Parma
Philtek,Philtek
Benji King,Benji King
Dan Cluskey,Dan Cluskey
Dave Charles,Dave Charles
Phil MF,Phil MF
Sy Sez,Sy Sez
Jayda G,Jayda G
Jitwam,Jitwam
Young Pulse,Young Pulse
Adiel,Adiel
Charlotte de Witte,Charlotte de Witte
Mathias Kaden,Mathias Kaden
Nico Moreno,Nico Moreno
Shlømo,Shlømo
Joey Daniel,Joey Daniel
Murphy's Law,Murphy's Law
LaLa,LaLa
Sasha & John Digweed,Sasha & John Digweed
Kalismã,Kalismã
Sonny Fodera,Sonny Fodera
Dombreski,Dombreski 
Paisley Jensen,Paisley Jensen
Sammy Virji B2B Interplanetary Criminal,Sammy Virji B2B Interplanetary Criminal
Girls Don't Sync,Girls Don't Sync
Hybrid Minds (with MC Tempza),Hybrid Minds (with MC Tempza)
K Motionz,K Motionz
Charlie Tee,Charlie Tee
Stature,Stature
Nathan X,Nathan X
The Martinez Brothers,The Martinez Brothers
Colyn,Colyn
Dennis Ferrer,Dennis Ferrer
Kitty Amor,Kitty Amor
Nasser Baker,Nasser Baker
Kid Fonque,Kid Fonque
Sio,Sio
Fantasm,Fantasm
Datsko,Datsko
SHOSH,SHOSH
Patrick Topping,Patrick Topping
Pirate Copy,Pirate Copy
Dan Ghenacia B2B Shonky B2B Traumer,Dan Ghenacia B2B Shonky B2B Traumer
Kolter,Kolter
Lauren Lane,Lauren Lane
Joel Corry,Joel Corry
Cornelius,Cornelius
Enzo Leep,Enzo Leep (live)
Outcast Torino,Outcast Torino (Munir Nadir & Cristian Sarde)
Pau Perez,Pau Perez 
The Basement Soundsystem,The Basement Soundsystem
KC Lights,KC Lights
The Menendez Brothers,The Menendez Brothers
Tall Paul,Tall Paul
Nia Raye,Nia Raye
MORTEN,MORTEN
Alec Monopoly,Alec Monopoly
Yaya,Yaya
deadmau5,deadmau5  
Kole Audro,Kole Audro 
Javi Muñoz,Javi Muñoz
Nima Gorji,Nima Gorji
Annabel Stopit,Annabel Stopit
Amedeo Picone,Amedeo Picone
Andruss,Andruss
George Privatti,George Privatti
Archie Hamilton,Archie Hamilton (all night long)
Benji B,Benji B
SG Lewis,SG Lewis
Jay de Lys,Jay de Lys
Dean,Dean
Birdee,Birdee
Paula Tape,Paula Tape
Lis Sarroca,Lis Sarroca
Shanti Celeste,Shanti Celeste
Dekmantel Soundsystem,Dekmantel Soundsystem
Digital Freedom,Digital Freedom
Camilo Miranda,Camilo Miranda
Christian Len,Christian Len
Jesidi,Jesidi
Luca Averna,Luca Averna
Secretario,Secretario
Suyai,Suyai
Heidi Lawden,Heidi Lawden
John Morales,John Morales
Mr Scruff B2B Aroop Roy,Mr Scruff B2B Aroop Roy
Nightmares On Wax,Nightmares On Wax
Katie Goodman,Katie Goodman
Pabels,Pabels
Marco Faraone B2B Special Request,Marco Faraone B2B Special Request
Tiga,Tiga
Daria Kolosova,Daria Kolosova
Fatima Hajji,Fatima Hajji
Klangkuenstler,Klangkuenstler
Solomun,Solomun (all night long)
Chicks Luv Us,Chicks Luv Us
Ellie Cocks,Ellie Cocks
Smokey Bubblin' B,Smokey Bubblin' B
Kettama,Kettama
Kyle Starkey,Kyle Starkey
Matty Robson,Matty Robson
Trutopia,Trutopia
Eric Prydz,Eric Prydz
Jazzy,Jazzy
Todd Edwards B2B Yung Singh,Todd Edwards B2B Yung Singh
Angel Lee,Angel Lee
Kanine,Kanine
Mozey,Mozey
Charlotte Haining,Charlotte Haining
Claptone B2B Boys Noize,Claptone B2B Boys Noize
Solardo,Solardo         
David Penn B2B Ferreck Dawn,David Penn B2B Ferreck Dawn
Andy Baxter B2B Jason Bye,Andy Baxter B2B Jason Bye
Innellea,Innellea
Mita Gami,Mita Gami
Disclosure,Disclosure (DJ set)
Butch,Butch
Darius Syrossian B2B George Smeddles B2B Olive F,Darius Syrossian B2B George Smeddles B2B Olive F
Deeper Purpose,Deeper Purpose
Chantel Kavanagh,Chantel Kavanagh
DJ FUCKOFF,DJ FUCKOFF
LB (Labat),LB (Labat)
Slither DJs,Slither DJs
Jamie Jones B2B East End Dubs B2B Rossi.,Jamie Jones B2B East End Dubs B2B Rossi.
Ben Sterling,Ben Sterling
Luuk Van Dijk,Luuk Van Dijk
Vanee,Vanee
Saraga,Saraga
The Chainsmokers,The Chainsmokers
Moguai,Moguai
Dim Taylor,Dim Taylor
Scruz,Scruz
Danny Graft,Danny Graft
BLONDEWEARINGBLACK,BLONDEWEARINGBLACK (live PA)
Dave Pearce,Dave Pearce
Pretty Hood,Pretty Hood
Andre Galluzzi,Andre Galluzzi 
Isbel B2B Cesar Vinzent,Isbel B2B Cesar Vinzent 
Sven Väth,Sven Väth 
Bad Boombox,Bad Boombox
Janis Zielinski,Janis Zielinski
Mischluft,Mischluft
Odymel,Odymel
Atjazz,Atjazz
Sicaria,Sicaria
Bullet Tooth,Bullet Tooth
Florentia,Florentia
Tomi & Kesh,Tomi & Kesh
Marco Faraone,Marco Faraone (all night long)
Grace Jones,Grace Jones
Boris Brejcha,Boris Brejcha
Alan Fitzpatrick,Alan Fitzpatrick
Afshin Momadi,Afshin Momadi
Maître Gims,Maître Gims (live PA)
Tam-R,Tam-R
SK One,SK One
Jaydaa,Jaydaa
Lev,Lev
Zach Witness,Zach Witness
Caal,Caal
Josh Baker,Josh Baker
Sidney Charles B2B Locklead,Sidney Charles B2B Locklead
Sweely,Sweely
Anna Tur,Anna Tur
Reinier Zonneveld,Reinier Zonneveld (live)
Solomun,Solomun
DJ Gigola,DJ Gigola
Carl Bee,Carl Bee
Josh Micky,Josh Micky
Russke,Russke
Oneil,Oneil
Kenz,Kenz
Cristoph,Cristoph
Tita Lau,Tita Lau 
Lissy Lübeck,Lissy Lübeck
Salute,Salute
Conducta,Conducta
Obskur,Obskur
Anitta,Anitta
Friction,Friction
Brodie,Brodie
CK3,CK3
DJ SKT,DJ SKT
Marvin Humes,Marvin Humes
Shae Reid,Shae Reid
Claptone,Claptone
Solardo B2B Alec Monopoly,Solardo B2B Alec Monopoly
KOROLOVA,KOROLOVA
Massano,Massano
Rudimental B2B Todd Edwards B2B Shermanology,Rudimental B2B Todd Edwards B2B Shermanology
Deetron,Deetron
Rio Tashan,Rio Tashan
MAV666,MAV666
Kristian Woods,Kristian Woods
Niall Mullen,Niall Mullen
DJ Pioneer,DJ Pioneer
Jamie Jones B2B Seth Troxler,Jamie Jones B2B Seth Troxler
Chris Stussy,Chris Stussy
Ms. Mada B2B Natalia Roth,Ms. Mada B2B Natalia Roth
Malikk,Malikk
wAFF B2B Max Dean,wAFF B2B Max Dean
Alisha B2B Wheats,Alisha B2B Wheats
Miguelle & Tons,Miguelle & Tons
James Blake,James Blake (DJ set)
Nandu,Nandu
John Newman,John Newman
Bassjackers,Bassjackers
Florentin,Florentin
Nathan Dawe,Nathan Dawe
Mike Salvione,Mike Salvione
Klingande,Klingande
Paul van Dyk,Paul van Dyk
Aly & Fila,Aly & Fila
Marc van Linden,Marc van Linden
Weekend Heroes,Weekend Heroes
Carmen Caramel,Carmen Caramel
R3wire,R3wire
Octave One,Octave One (live)
Jonboi,Jonboi
Pablo Fierro B2B Manoo,Pablo Fierro B2B Manoo
Trancemicsoul,Trancemicsoul
Dombresky,Dombresky (all night long)
Perel,Perel
Us Two,Us Two
Stefflon Don,Stefflon Don (live PA)
Tommy MC,Tommy MC
Superlover,Superlover
Illustrious Blacks,Illustrious Blacks
Fumiya Tanaka,Fumiya Tanaka
Ricardo Villalobos B2B Raresh,Ricardo Villalobos B2B Raresh
I Hate Models,I Hate Models
Stella Bossi,Stella Bossi
Job Jobse,Job Jobse
Riley,Riley
Malugi,Malugi
Shaun Flynn,Shaun Flynn
Nathan Ellis,Nathan Ellis
Jonny Disley,Jonny Disley
Sie Austin,Sie Austin
Monka,Monka (live percussion)
Saffron Stone,Saffron Stone
Sammy Virji,Sammy Virji
Oppidan,Oppidan
Skepsis,Skepsis
Natty Lou,Natty Lou
Charlie Powell,Charlie Powell
Hannah Wants B2B Paul Woolford,Hannah Wants B2B Paul Woolford
Holly Hutch,Holly Hutch
Mind Against,Mind Against
Sideral,Sideral
Masters At Work,Masters At Work (Louie Vega & Kenny Dope)
Floorplan,Floorplan
Amine Edge,Amine Edge
Hyyken,Hyyken
Jamie Jones B2B Hot Since 82,Jamie Jones B2B Hot Since 82
AMÉMÉ B2B Serge Devant,AMÉMÉ B2B Serge Devant
Camz,Camz
Steve Aoki,Steve Aoki
Öwnboss,Öwnboss
Adam Sellouk,Adam Sellouk
Delafino,Delafino
Jordan Suckley,Jordan Suckley
Solarstone,Solarstone
Tchami,Tchami
Joe Vanditti,Joe Vanditti 
Saraga,Saraga 
Aniurka,Aniurka
Clara Da Costa,Clara Da Costa
DJ Theia,DJ Theia
Hito,Hito
Marta Loe,Marta Loe
Miluska,Miluska
Jonathan Kaspar,Jonathan Kaspar
Constanza Pucheta,Constanza Pucheta
Odd Mob,Odd Mob
The Brothers Macklovitch,The Brothers Macklovitch
Fleur Shore,Fleur Shore (all night long)
The Menedez Brothers,The Menedez Brothers
Pascha House,Pascha House
Brian Smith,Brian Smith
Freddie Lineker,Freddie Lineker
Harry Collett,Harry Collett
Josh Edwards,Josh Edwards
Chaka Khan,Chaka Khan (live PA)
Ted Petterson,Ted Petterson
Manu Sanchez,Manu Sanchez
U.R.Trax,U.R.Trax
Âme,Âme (DJ set)
Dom Dolla,Dom Dolla
Gaskin B2B L.P. Rhythm,Gaskin B2B L.P. Rhythm
James View,James View
Rennie Peters,Rennie Peters
Luvstruck,Luvstruck
Holly Hutchinson,Holly Hutchinson
Rebūke,Rebūke
Riordan,Riordan
Simula,Simula
Issey Cross,Issey Cross
Hannah Wants B2B Lee Foss,Hannah Wants B2B Lee Foss
Tom & Collins,Tom & Collins
Smyths,Smyths
Scenarios,"Scenarios (Maga, Sean Doron & Tim Engelhardt)"
Mauro Picotto,Mauro Picotto
Fionn Curran,Fionn Curran
Shortee Blitz,Shortee Blitz
Jamie Jones B2B Nic Fanciulli,Jamie Jones B2B Nic Fanciulli
Max Dean,Max Dean
Sidney Charles,Sidney Charles
Rossi.,Rossi.
M-High,M-High
Ahmed Spins,Ahmed Spins
Regard,Regard
Goom Gum,Goom Gum
Shouse,Shouse
Alle Farben,Alle Farben
Ferry Corsten,Ferry Corsten
Ciaran McAuley,Ciaran McAuley
Eli,Eli
Khadejia,Khadejia
James Hype B2B Tita Lau,James Hype B2B Tita Lau
deadmau5,deadmau5
James Zabiela,James Zabiela
William Djoko,William Djoko
Joeski,Joeski
De La Swing B2B Caal,De La Swing B2B Caal
Dombresky,Dombresky
N!do,N!do
Rendher B2B Ale de Tuglie,Rendher B2B Ale de Tuglie
Manda Moor,Manda Moor (all night long)
Sfera Ebbasta,Sfera Ebbasta (live PA)
Nathan Woods,Nathan Woods
Blimey O'Reilly,Blimey O'Reilly
Motive DJs,Motive DJs
Aline Roche,Aline Roche
David Morales,David Morales
Norman Jay MBE,Norman Jay MBE
Eats Everything B2B Dan Shake,Eats Everything B2B Dan Shake
Larse,Larse
Make A Dance,Make A Dance
Enrico Sangiuliano,Enrico Sangiuliano
Mar-T B2B Luca Donzelli,Mar-T B2B Luca Donzelli
Swedish House Mafia,Swedish House Mafia
Ben Rau,Ben Rau
George Smeddles,George Smeddles
Jenn Getz & Alfie,Jenn Getz & Alfie
Sîan Owen,Sîan Owen
Dance System,Dance System
Van Damm,Van Damm
Robin M,Robin M
Paisley Jensen,Paisley Jensen 
Interplanetary Criminal B2B Main Phase,Interplanetary Criminal B2B Main Phase
Lu.Re,Lu.Re
S.P.Y.,S.P.Y.
Kara,Kara
T-Lex,T-Lex
House Gospel Choir,House Gospel Choir
Junior Sanchez,Junior Sanchez
Boys Noize B2B andhim,Boys Noize B2B andhim
Hitty,Hitty
J.Worra,J.Worra
Jason Cluff,Jason Cluff
Part Time Killer,Part Time Killer
Sikoti,Sikoti
Jamie Jones B2B The Martinez Brothers,Jamie Jones B2B The Martinez Brothers
Rich NxT B2B Rossko,Rich NxT B2B Rossko
Acid Pauli,Acid Pauli
LUM,LUM
Viken Arman,Viken Arman
NERVO,NERVO
Paul Thomas,Paul Thomas
Siskin,Siskin
Mercedes Benson,Mercedes Benson
Mathame,Mathame
Prophecy,Prophecy
Brenda Serna,Brenda Serna 
Chris Liebing,Chris Liebing 
Dax J,Dax J 
Fatima Hajji,Fatima Hajji 
Mörda,Mörda
Mike Starr,Mike Starr
Olive F,Olive F
Flight Facilities,Flight Facilities
Serenade,Serenade
Maxwell,Maxwell
Verdi,Verdi
Jayden Fugl,Jayden Fugl
Home Of House DJs,Home Of House DJs
Grant Nelson,Grant Nelson
Anna Collecta,Anna Collecta
Dee Diggs,Dee Diggs
Michael Gray,Michael Gray
Maher Daniel,Maher Daniel
Ricardo Villalobos,Ricardo Villalobos
Sonja Moonear,Sonja Moonear
Traumer,Traumer
Cera Khin,Cera Khin
Juliet Fox,Juliet Fox
Jakkob,Jakkob
James Poole,James Poole
Ryan Resso,Ryan Resso
Dart,Dart
Aik,Aik
Gina Jeanz,Gina Jeanz
Joe Kadhim,Joe Kadhim
Ben Elding,Ben Elding
DJ EZ,DJ EZ 
DRIIA,DRIIA 
MPH,MPH
DJ Minx,DJ Minx
Delta Heavy,Delta Heavy
A Little Sound,A Little Sound
Billy Gillies,Billy Gillies
Hannah Boleyn,Hannah Boleyn
Rara,Rara
Kyle Walker,Kyle Walker
Azyr,Azyr
Veseli,Veseli
DJ Fingerblast,DJ Fingerblast
Justin Wilkes,Justin Wilkes
Skream B2B Richy Ahmed,Skream B2B Richy Ahmed
Jasper James,Jasper James
Trikk,Trikk
Timmy Trumpet,Timmy Trumpet
Bryan Kearney,Bryan Kearney
Shugz,Shugz
Fuenka,Fuenka
Hypatron,Hypatron
Azzecca,Azzecca
Kelli-Leigh,Kelli-Leigh (live PA)
Sim0ne,Sim0ne
Jimpster,Jimpster
Mimi X Fy,Mimi X Fy
De la Swing B2B Jay de Lys,De la Swing B2B Jay de Lys
Chelina Manuhutu,Chelina Manuhutu (all night long)
Narciss,Narciss
Andrea Oliva B2B John Summit,Andrea Oliva B2B John Summit
Chloé Robinson,Chloé Robinson
Jkriv,Jkriv
KiNK,KiNK (live)
Richie Hawtin,Richie Hawtin
Aadja,Aadja
DJ Seinfeld,DJ Seinfeld
Nautica,Nautica
TDJ,TDJ 
Trance Wax,Trance Wax
Jonny Burn,Jonny Burn
Fletch,Fletch
Mick Willow,Mick Willow
Dominic Dunn,Dominic Dunn
Miguel Bastida,Miguel Bastida
P-rallel,P-rallel
Champion,Champion
Gardna,Gardna
Lens,Lens
AMA,AMA
Kelli-Leigh,Kelli-Leigh
Toyboy & Robin,Toyboy & Robin
Rio Fredrika,Rio Fredrika
Obskür,Obskür
Diego San Diego,Diego San Diego
Billy Clements,Billy Clements
Hayden James,Hayden James
ALT8,ALT8
Jamie Jones B2B Chris Stussy B2B Archie Hamilton,Jamie Jones B2B Chris Stussy B2B Archie Hamilton
Milunska,Milunska
Max Dean B2B Luke Dean,Max Dean B2B Luke Dean
Harvy Valencia,Harvy Valencia
Avangart Tabldot,Avangart Tabldot
EDX,EDX
Sean & Dee,Sean & Dee
Talla 2XLC,Talla 2XLC
Skyla Tylaa,Skyla Tylaa
Romain Garcia,Romain Garcia
Simon Doty,Simon Doty
Yotto,Yotto
Elderbrook,Elderbrook
19.26,19.26
Moullinex B2B GPU Panic,Moullinex B2B GPU Panic 
Jake Smith,Jake Smith
DJ Tennis B2B Jimi Jules,DJ Tennis B2B Jimi Jules
Soda,Soda
Audiojack,Audiojack
Manda Moor B2B Sirus Hood,Manda Moor B2B Sirus Hood
Lovefoxy,Lovefoxy
Mr V,Mr V
Mha Iri,Mha Iri
Jamie XX,Jamie XX
Brisotti,Brisotti
Hector Couto,Hector Couto
Sante Sansome,Sante Sansome
Silva City,Silva City
James Organ,James Organ
Awen,Awen
Disrupta,Disrupta
Solah,Solah
Anais,Anais
Secondcity,Secondcity
Sergio Sergi,Sergio Sergi
Claptone B2B Flight Facilities,Claptone B2B Flight Facilities
Brian Cross B2B Diego San Diego,Brian Cross B2B Diego San Diego
Alfa Romero,Alfa Romero
Mike Dunn B2B The Menedez Brothers,Mike Dunn B2B The Menedez Brothers
MELTX,MELTX
Moduse,Moduse
Ellie Prohan,Ellie Prohan
DJ Q,DJ Q
Lee Foss,Lee Foss
Jonas Blue,Jonas Blue
SASH!,SASH! (DJ set)
Dale Castell,Dale Castell
Charlie Sparks,Charlie Sparks 
Estella Boersma,Estella Boersma 
Space 92 x Popof present Turbulences,Space 92 x Popof present Turbulences
Christina Molina,Christina Molina
Ismael Baraka,Ismael Baraka
Jose Rives,Jose Rives
Michel Cleis,Michel Cleis
Gioli & Assia,Gioli & Assia (hybrid live)
Mele,Mele
HUGEL,HUGEL (all night long)
The Blessed Madonna,The Blessed Madonna
Andrea Oliva B2B Gordo,Andrea Oliva B2B Gordo
Ale De Tugli,Ale De Tugli
Nikki Carvell,Nikki Carvell
FJAAK,FJAAK
Sama’ Abdulhadi,Sama’ Abdulhadi
Marcel Dettmann,Marcel Dettmann
Loods,Loods
Steve Lee,Steve Lee
Jack Disley,Jack Disley
John Digweed,John Digweed
Greta Levska,Greta Levska
Tripolism,Tripolism
A.M.C.,A.M.C.
Vibe Chemistry,Vibe Chemistry
Koven,Koven
Connor Coates,Connor Coates
EDD,EDD
Martin Ikin,Martin Ikin
Jack Tennis,Jack Tennis
Agents Of Time,Agents Of Time
Dyzen,Dyzen
The Element,The Element
Kid Fonque B2B Atmos Blaq,Kid Fonque B2B Atmos Blaq
Alex Farell,Alex Farell
DJ Local B,DJ Local B
TDJ,TDJ
Vaseli,Vaseli
Yasmin Gardezi,Yasmin Gardezi
BPM DJs,BPM DJs
East End Dubs B2B Ben Sterling,East End Dubs B2B Ben Sterling
Bontan,Bontan
Archie Hamilton B2B Seb Zito,Archie Hamilton B2B Seb Zito
Luuk Van Dijk B2B Mason Maynard,Luuk Van Dijk B2B Mason Maynard
Billen Ted,Billen Ted
Nick Warren B2B Hernán Cattáneo,Nick Warren B2B Hernán Cattáneo
Bakermat,Bakermat
Jean Pierre,Jean Pierre
Benny Benassi,Benny Benassi 
Boyz Noize,Boyz Noize 
Dombresky,Dombresky 
THEMBA,THEMBA
DJ Kent,DJ Kent
Westend,Westend
Ross From Friends,Ross From Friends (live)
Collé,Collé
Hank,Hank
Tyler West (host),Tyler West (host)
The Brothers Maklovitch,The Brothers Maklovitch
Sunny Cheeba,Sunny Cheeba
Enzo Siragusa,Enzo Siragusa
Priku B2B Arapu,Priku B2B Arapu
Ricardo Villalobos B2B Luciano,Ricardo Villalobos B2B Luciano
HAAi,HAAi
Hector Couto B2B Brisotti,Hector Couto B2B Brisotti
Special Request,Special Request
Inafekt,Inafekt
Franky Wah,Franky Wah (all night long)
Kilimanjaro,Kilimanjaro
Culture Shock,Culture Shock
Oko,Oko
Eats Everything B2B Paul Woolford,Eats Everything B2B Paul Woolford
Flight Facilities,Flight Facilities (DJ set)
Henri Bergmann,Henri Bergmann
Øostil,Øostil
Cinthie,Cinthie
Dunmore Brothers B2B Rio Tashan,Dunmore Brothers B2B Rio Tashan
Louie Vega & Anané,Louie Vega & Anané
Jezza & Jod,Jezza & Jod
Doco,Doco
Hot Since B2B Ilario Alicante,Hot Since B2B Ilario Alicante
Liu,Liu
Evpro,Evpro
Paul van Dyk,Paul van Dyk (all night long)
Shay Sade,Shay Sade
Fred Lenix,Fred Lenix
Avision,Avision
Carlo Lio,Carlo Lio
Jamiie B2B Fiona Kraft,Jamiie B2B Fiona Kraft
DJ Pappa,DJ Pappa
Kittin,Kittin
Jonjo Jury,Jonjo Jury
Joshua James,Joshua James
Germano Ventura,Germano Ventura
Marco Faraone B2B Chris Avantgarde,Marco Faraone B2B Chris Avantgarde
Louis Millne,Louis Millne
Cody Wong,Cody Wong
Jonny Burn B2B Matty Robson,Jonny Burn B2B Matty Robson
Jnr Windross,Jnr Windross
Boon,Boon
Steven Cee,Steven Cee
Jazzy,Jazzy 
Sota,Sota
[IVY],[IVY]
Tough Love,Tough Love
JVNGLE,JVNGLE (DJ set)
Lee Foss B2B Mambo Brothers,Lee Foss B2B Mambo Brothers
CASSIMM B2B Juliet Sikora,CASSIMM B2B Juliet Sikora
Shir Khan,Shir Khan
Louie Vega B2B The Blessed Madonna,Louie Vega B2B The Blessed Madonna
Macy Lancaster,Macy Lancaster
Jamie Jones B2B Loco Dice,Jamie Jones B2B Loco Dice
"Apollonia (Dan Ghenacia, Dyed Soundorom & Shonky)","Apollonia (Dan Ghenacia, Dyed Soundorom & Shonky)"
220 Kid,220 Kid
Lovely Laura & Ben Santiago,Lovely Laura & Ben Santiago
John 00 Fleming,John 00 Fleming
David Moreno B2B Special Guest,David Moreno B2B Special Guest
Marco Bailey,Marco Bailey
Rebeca Ark,Rebeca Ark
Hilit Kolet,Hilit Kolet
Sante Sansone,Sante Sansone
Ewan McVicar,Ewan McVicar (all night long)
Felix Da Housecat,Felix Da Housecat
Georgey,Georgey
Charlie Webb,Charlie Webb
Charles Burrows,Charles Burrows
Josh E,Josh E
Morgs,Morgs
Raffers,Raffers
Charlie Fenwick,Charlie Fenwick
Joe Fenwick,Joe Fenwick
Delore,Delore
Ollie Tilley,Ollie Tilley
DJ Harvey,DJ Harvey
Rich Medina,Rich Medina
Joshua Lang,Joshua Lang
Cerrot,Cerrot
François X,François X
Ronnie Pacitti,Ronnie Pacitti (special guest)
Sasha,Sasha
Pola & Bryson,Pola & Bryson
Emily Makis,Emily Makis
Paul Woolford B2B Melé,Paul Woolford B2B Melé
Dombresky B2B Bastian Bux,Dombresky B2B Bastian Bux
Tube & Burger B2B Alec Monopoly,Tube & Burger B2B Alec Monopoly
Aspend & Phante,Aspend & Phante
Woody & Kyle (Bastille DJ set),Woody & Kyle (Bastille DJ set)
Skepta,Skepta (DJ set)
Mason Maynard,Mason Maynard
Alok,Alok
Chapter & Verse,Chapter & Verse
Galantis,Galantis
John O'Callaghan,John O'Callaghan
Alex M.O.R.P.H.,Alex M.O.R.P.H.
Chris Bekker,Chris Bekker
Neverdogs,Neverdogs
Kristin Velvet,Kristin Velvet
De la Swing,De la Swing
Joris Voorn,Joris Voorn (all night long)
Andrea Oliva B2B Ilario Alicante,Andrea Oliva B2B Ilario Alicante
Mas Que Nada Brothers,Mas Que Nada Brothers
Waajeed,Waajeed
Ben Westbeech,Ben Westbeech
O.Bee & Tomas Station,O.Bee & Tomas Station
Elli Acula,Elli Acula
Sara Landry,Sara Landry
Tapefeed,Tapefeed
Young Marco,Young Marco
Kayley Harriet,Kayley Harriet
Camrin Watsin,Camrin Watsin
Hix,Hix
Turno,Turno
Claptone B2B Solardo,Claptone B2B Solardo
Claptone B2B Chelina Manuhutu,Claptone B2B Chelina Manuhutu
Claptone B2B David Penn,Claptone B2B David Penn
Adam Ten,Adam Ten
MK B2B Eliza Rose,MK B2B Eliza Rose
Arthi,Arthi
Serge Devant,Serge Devant
East End Dubs,East End Dubs (4 hour set)
Gaskin,Gaskin
Mia Moretti,Mia Moretti
Marlon Hoffstadt,Marlon Hoffstadt
Da Africa Deep,Da Africa Deep
Ben Sterling B2B Jackmaster,Ben Sterling B2B Jackmaster
Ilario Alicante,Ilario Alicante (all night long)
Breakbot & Irfane,Breakbot & Irfane
Busy P,Busy P
Eli Escobar,Eli Escobar
Rimarkable,Rimarkable
Lucia Lu,Lucia Lu
Parfait,Parfait
Regal,Regal
SNTS,SNTS
Barry Can't Swim,Barry Can't Swim
Chopper,Chopper
DXNBY B2B Ozzie Guven,DXNBY B2B Ozzie Guven
Seb Zito,Seb Zito
Shugz,Shugz (special guest)
Dan Ambrose,Dan Ambrose
Ant Armstrong,Ant Armstrong
Kaci Lynch,Kaci Lynch
Drew Mooney,Drew Mooney
LF System,LF System 
Main Phase,Main Phase
Serum,Serum
Voltage,Voltage
Harriet Jaxxon,Harriet Jaxxon
Lange B2B Signum,Lange B2B Signum
Y-Traxx,Y-Traxx
Sean Hughes,Sean Hughes
Ibiza Trance Event DJs,Ibiza Trance Event DJs
Fragma,Fragma (live PA)
Ultrabeat,Ultrabeat
Rob Tissera B2B Dale Castell,Rob Tissera B2B Dale Castell
James Dean,James Dean
Marco Loco,Marco Loco
Josh Gigante,Josh Gigante
Yours,Yours (live)
Harriet Rose,Harriet Rose
Dixon Brothers,Dixon Brothers
Samuele Scelfo,Samuele Scelfo
Guy Laliberté,Guy Laliberté
Khainz,Khainz
Frank Storm,Frank Storm
Kevin Saunderson,Kevin Saunderson
Roisin Murphy,Roisin Murphy (live PA)
Natalie Robinson,Natalie Robinson
Flip N Fill,Flip N Fill
Ian Van Dahl,Ian Van Dahl
N-Trance (special guests),N-Trance (special guests)
Keyes (host),Keyes (host)
Aline Rocha,Aline Rocha
Danny Krivit,Danny Krivit
Hifi Sean,Hifi Sean
Mike Dunn,Mike Dunn
There Is No Planet Earth,There Is No Planet Earth
Lilly Palmer,Lilly Palmer
Perry,Perry
Christian Rodgers B2B Ronnie Pacitti,Christian Rodgers B2B Ronnie Pacitti
Franky Wah B2B Denis Horvat B2B Artche B2B Tripolism,Franky Wah B2B Denis Horvat B2B Artche B2B Tripolism
Chris Lorenzo,Chris Lorenzo
Caiiro,Caiiro
goddard.,goddard.
Dread MC,Dread MC
Cajmere,Cajmere
Sam Divine B2B Hannah Wants B2B Low Steppa,Sam Divine B2B Hannah Wants B2B Low Steppa
Jamie Jones B2B Joseph Capriati,Jamie Jones B2B Joseph Capriati
Robert James,Robert James
Kadebostany,Kadebostany
Manoo,Manoo
Kings Of House NYC,Kings Of House NYC (Louie Vega & David Morales)
Andrea Oliva B2B Mahmut Orhan,Andrea Oliva B2B Mahmut Orhan
Nic Fanciulli B2B Cloonee,Nic Fanciulli B2B Cloonee
Groove Assassin,Groove Assassin
Groove Armada B2B Eats Everything,Groove Armada B2B Eats Everything
Smokin Jo,Smokin Jo
Francesco Farfa,Francesco Farfa
Franco Cinelli,Franco Cinelli
Marco Carola,Marco Carola (all night long)
Peggy Gou,Peggy Gou
